Milliseconds,AcclX,AcclY,AcclZ
0,7.564593301435407,2.3301435406698565,1.6411483253588517
5.1020408163265305,8.074162679425838,1.8229665071770336,0.9856459330143541
10.204081632653061,8.74401913875598,0.9665071770334929,-0.011961722488038277
15.306122448979592,9.39952153110048,-0.15789473684210525,-1.0191387559808613
20.408163265306122,9.990430622009569,-1.2177033492822966,-1.9330143540669857
25.51020408163265,10.277511961722489,-1.88755980861244,-2.562200956937799
30.612244897959183,10.342105263157896,-2.088516746411483,-2.688995215311005
35.714285714285715,10.14354066985646,-1.5933014354066986,-2.098086124401914
40.816326530612244,9.81578947368421,-0.6578947368421053,-1.1363636363636365
45.91836734693877,9.552631578947368,0.10287081339712918,-0.423444976076555
51.0204081632653,9.296650717703349,0.49760765550239233,-0.13636363636363635
56.12244897959184,9.198564593301436,0.6363636363636364,0.08373205741626795
61.224489795918366,9.165071770334928,0.5406698564593302,0.3803827751196172
66.3265306122449,9.311004784688995,0.15311004784688995,0.43301435406698563
71.42857142857143,9.394736842105264,-0.16028708133971292,0.4138755980861244
76.53061224489795,9.461722488038278,-0.24880382775119617,0.41148325358851673
81.63265306122449,9.720095693779903,-0.4473684210526316,0.21052631578947367
86.73469387755102,9.971291866028707,-0.6626794258373205,0.1076555023923445
91.83673469387755,10.150717703349283,-0.8205741626794258,0.15550239234449761
96.93877551020408,10.179425837320574,-0.9090909090909091,0.22488038277511962
102.0408163265306,10.136363636363637,-0.9832535885167464,0.3133971291866029
107.14285714285714,10.148325358851675,-0.9234449760765551,0.215311004784689
112.24489795918367,10.291866028708133,-0.777511961722488,0.05980861244019139
117.3469387755102,10.626794258373206,-0.715311004784689,-0.03588516746411483
122.44897959183673,10.882775119617225,-0.7200956937799043,-0.009569377990430622
127.55102040816327,11.007177033492823,-0.65311004784689,0.07655502392344497
132.6530612244898,11.002392344497608,-0.42105263157894735,0.2703349282296651
137.75510204081633,10.834928229665072,-0.1507177033492823,0.46172248803827753
142.85714285714286,10.641148325358852,0.18421052631578946,0.6411483253588517
147.9591836734694,10.516746411483254,0.38995215311004783,0.7966507177033493
153.0612244897959,10.495215311004785,0.5382775119617225,1.0263157894736843
158.16326530612244,10.251196172248804,0.8253588516746412,1.0167464114832536
163.26530612244898,10.299043062200957,0.7440191387559809,1.0430622009569377
168.3673469387755,10.279904306220097,0.6650717703349283,1.2033492822966507
173.46938775510205,10.148325358851675,0.7033492822966507,1.076555023923445
178.57142857142856,9.947368421052632,0.8397129186602871,0.8779904306220095
183.6734693877551,9.779904306220097,0.9425837320574163,0.8421052631578947
188.77551020408163,9.894736842105264,1.0382775119617225,0.5645933014354066
193.87755102040816,10.148325358851675,1.0502392344497609,0.32057416267942584
198.9795918367347,10.277511961722489,1.0287081339712918,0.11961722488038277
204.0816326530612,10.351674641148325,0.937799043062201,0.045454545454545456
209.18367346938774,10.461722488038278,0.7440191387559809,0.04066985645933014
214.28571428571428,10.325358851674642,0.631578947368421,0.1076555023923445
219.3877551020408,10.043062200956937,0.5263157894736842,0.15789473684210525
224.48979591836735,9.88755980861244,0.3827751196172249,0.20813397129186603
229.59183673469389,9.818181818181818,0.145933014354067,0.34210526315789475
234.6938775510204,9.78468899521531,-0.03827751196172249,0.5047846889952153
239.79591836734693,9.803827751196172,-0.16507177033492823,0.6626794258373205
244.89795918367346,9.739234449760765,-0.24401913875598086,0.7488038277511961
250,9.674641148325358,-0.3229665071770335,0.8086124401913876
255.10204081632654,9.397129186602871,-0.3492822966507177,0.9545454545454546
260.2040816326531,9.303827751196172,-0.43779904306220097,1.0454545454545454
265.3061224489796,10.023923444976077,-0.5717703349282297,0.9688995215311005
270.40816326530614,10.35645933014354,-0.6363636363636364,1.0574162679425838
275.51020408163265,9.397129186602871,-0.6818181818181818,1.354066985645933
280.61224489795916,8.842105263157896,-0.5885167464114832,1.1339712918660287
285.7142857142857,9.019138755980862,-0.49760765550239233,0.8205741626794258
290.81632653061223,9.296650717703349,-0.44976076555023925,0.8779904306220095
295.9183673469388,9.301435406698564,-0.3229665071770335,0.8732057416267942
301.0204081632653,9.227272727272727,-0.20574162679425836,0.7799043062200957
306.1224489795918,9.105263157894736,-0.13636363636363635,0.7464114832535885
311.2244897959184,8.964114832535886,0,0.8277511961722488
316.3265306122449,8.89952153110048,0.05980861244019139,0.8301435406698564
321.42857142857144,8.971291866028707,0.06698564593301436,0.8947368421052632
326.53061224489795,8.992822966507177,0.145933014354067,0.84688995215311
331.63265306122446,8.937799043062201,0.2894736842105263,0.8325358851674641
336.734693877551,8.95933014354067,0.4904306220095694,0.8827751196172249
341.83673469387753,8.913875598086124,0.5765550239234449,0.8421052631578947
346.9387755102041,8.779904306220097,0.7009569377990431,0.8708133971291866
352.0408163265306,8.80622009569378,0.7511961722488039,0.7966507177033493
357.1428571428571,8.751196172248804,0.8253588516746412,0.7727272727272727
362.2448979591837,8.868421052631579,0.8827751196172249,0.722488038277512
367.3469387755102,8.916267942583731,0.8229665071770335,0.5909090909090909
372.44897959183675,8.873205741626794,0.9497607655502392,0.5741626794258373
377.55102040816325,8.92822966507177,0.9688995215311005,0.40669856459330145
382.65306122448976,9.026315789473685,0.854066985645933,0.3923444976076555
387.7551020408163,9.11244019138756,0.715311004784689,0.37799043062200954
392.85714285714283,9.126794258373206,0.49521531100478466,0.5406698564593302
397.9591836734694,9.220095693779903,0.2535885167464115,0.6244019138755981
403.0612244897959,9.232057416267942,0.15311004784688995,0.6698564593301436
408.1632653061224,9.179425837320574,0.215311004784689,0.7200956937799043
413.265306122449,9.196172248803828,0.21291866028708134,0.7105263157894737
418.3673469387755,9.150717703349283,0.21052631578947367,0.7200956937799043
423.46938775510205,9.102870813397129,0.22488038277511962,0.7440191387559809
428.57142857142856,9.220095693779903,0.19617224880382775,0.7392344497607656
433.6734693877551,9.282296650717702,0.16507177033492823,0.7894736842105263
438.7755102040816,9.296650717703349,0.11722488038277512,0.7870813397129187
443.87755102040813,9.272727272727273,-0.06937799043062201,0.7799043062200957
448.9795918367347,9.440191387559809,-0.22966507177033493,0.8588516746411483
454.0816326530612,9.610047846889952,-0.2942583732057416,0.9521531100478469
459.18367346938777,9.674641148325358,-0.4090909090909091,1.0167464114832536
464.2857142857143,9.602870813397129,-0.5,1.1148325358851674
469.3877551020408,9.526315789473685,-0.6004784688995215,1.30622009569378
474.48979591836735,9.523923444976077,-0.69377990430622,1.430622009569378
479.59183673469386,9.526315789473685,-0.7511961722488039,1.4641148325358853
484.6938775510204,9.507177033492823,-0.7057416267942583,1.4210526315789473
489.7959183673469,9.502392344497608,-0.583732057416268,1.284688995215311
494.89795918367344,9.578947368421053,-0.47368421052631576,0.992822966507177
500,9.619617224880383,-0.39473684210526316,0.8444976076555024
505.1020408163265,9.722488038277511,-0.24880382775119617,0.6913875598086124
510.2040816326531,9.777511961722489,-0.13157894736842105,0.5239234449760766
515.3061224489796,9.648325358851675,0.01674641148325359,0.35167464114832536
520.4081632653061,9.64354066985646,0.13875598086124402,0.22009569377990432
525.5102040816327,9.602870813397129,0.22248803827751196,0.11483253588516747
530.6122448979592,9.598086124401913,0.3038277511961722,0.011961722488038277
535.7142857142857,9.617224880382775,0.35167464114832536,-0.13157894736842105
540.8163265306123,9.641148325358852,0.423444976076555,-0.23444976076555024
545.9183673469388,9.83732057416268,0.4449760765550239,-0.34688995215311
551.0204081632653,10.0311004784689,0.3349282296650718,-0.3373205741626794
556.1224489795918,10.14354066985646,0.15311004784688995,-0.25598086124401914
561.2244897959183,10.114832535885167,0.028708133971291867,-0.19856459330143542
566.3265306122449,10.129186602870814,-0.04066985645933014,-0.08851674641148326
571.4285714285714,10.12200956937799,-0.06698564593301436,-0.0023923444976076554
576.530612244898,10.110047846889952,-0.14114832535885166,0.08373205741626795
581.6326530612245,10.07177033492823,-0.17942583732057416,0.12440191387559808
586.734693877551,10.114832535885167,-0.24641148325358853,0.14832535885167464
591.8367346938776,10.203349282296651,-0.34688995215311,0.284688995215311
596.9387755102041,10.200956937799043,-0.48564593301435405,0.37559808612440193
602.0408163265306,10.212918660287082,-0.5861244019138756,0.5287081339712919
607.1428571428571,10.188995215311005,-0.5956937799043063,0.6626794258373205
612.2448979591836,10.224880382775119,-0.5119617224880383,0.7200956937799043
617.3469387755102,10.186602870813397,-0.42105263157894735,0.7918660287081339
622.4489795918367,10.090909090909092,-0.361244019138756,0.8349282296650717
627.5510204081633,10.074162679425838,-0.3277511961722488,0.854066985645933
632.6530612244898,10.055023923444976,-0.31100478468899523,0.9186602870813397
637.7551020408163,9.995215311004785,-0.291866028708134,0.8851674641148325
642.8571428571429,9.818181818181818,-0.2511961722488038,0.8875598086124402
647.9591836734694,9.667464114832535,-0.2799043062200957,1
653.0612244897959,9.787081339712918,-0.38516746411483255,0.9760765550239234
658.1632653061224,9.834928229665072,-0.44258373205741625,0.9114832535885168
663.2653061224489,9.858851674641148,-0.5287081339712919,0.8947368421052632
668.3673469387755,9.885167464114833,-0.638755980861244,0.8636363636363636
673.469387755102,9.854066985645932,-0.6913875598086124,0.7655502392344498
678.5714285714286,9.825358851674642,-0.7129186602870813,0.7129186602870813
683.6734693877551,9.880382775119617,-0.7822966507177034,0.6244019138755981
688.7755102040816,9.909090909090908,-0.8181818181818182,0.5574162679425837
693.8775510204082,9.842105263157896,-0.7559808612440191,0.5454545454545454
698.9795918367347,9.789473684210526,-0.6722488038277512,0.6004784688995215
704.0816326530612,9.830143540669857,-0.6602870813397129,0.6722488038277512
709.1836734693877,9.858851674641148,-0.5933014354066986,0.7105263157894737
714.2857142857142,9.78468899521531,-0.49760765550239233,0.7727272727272727
719.3877551020408,9.863636363636363,-0.47368421052631576,0.715311004784689
724.4897959183673,9.925837320574162,-0.5,0.7177033492822966
729.5918367346939,9.870813397129186,-0.507177033492823,0.7511961722488039
734.6938775510204,9.799043062200957,-0.4688995215311005,0.69377990430622
739.7959183673469,9.739234449760765,-0.4258373205741627,0.48325358851674644
744.8979591836735,9.681818181818182,-0.41148325358851673,0.3923444976076555
750,9.638755980861244,-0.48564593301435405,0.35406698564593303
755.1020408163265,9.557416267942584,-0.47129186602870815,0.3827751196172249
760.204081632653,9.492822966507177,-0.45454545454545453,0.2679425837320574
765.3061224489795,9.533492822966506,-0.4354066985645933,0.11722488038277512
770.4081632653061,9.514354066985646,-0.45215311004784686,0.03110047846889952
775.5102040816327,9.464114832535886,-0.47368421052631576,-0.07894736842105263
780.6122448979592,9.52153110047847,-0.4904306220095694,-0.21291866028708134
785.7142857142857,9.476076555023923,-0.4904306220095694,-0.2799043062200957
790.8163265306122,9.523923444976077,-0.5095693779904307,-0.2679425837320574
795.9183673469388,9.655502392344498,-0.5334928229665071,-0.23684210526315788
801.0204081632653,9.68421052631579,-0.47129186602870815,-0.145933014354067
806.1224489795918,9.708133971291867,-0.38995215311004783,0.04066985645933014
811.2244897959183,9.727272727272727,-0.37799043062200954,0.2822966507177033
816.3265306122448,9.822966507177034,-0.39952153110047844,0.5956937799043063
821.4285714285714,9.851674641148325,-0.4138755980861244,0.8301435406698564
826.530612244898,9.885167464114833,-0.5215311004784688,1.2129186602870814
831.6326530612245,9.901913875598087,-0.6291866028708134,1.5813397129186604
836.734693877551,9.808612440191387,-0.7655502392344498,1.8086124401913874
841.8367346938776,9.803827751196172,-1.0047846889952152,2.035885167464115
846.9387755102041,9.679425837320574,-1.291866028708134,2.3660287081339715
852.0408163265306,9.82775119617225,-1.605263157894737,2.583732057416268
857.1428571428571,10.0933014354067,-1.9258373205741626,2.7655502392344498
862.2448979591836,10.325358851674642,-2.287081339712919,2.9904306220095696
867.3469387755102,10.648325358851675,-2.710526315789474,3.2320574162679425
872.4489795918367,10.889952153110048,-3.174641148325359,3.4808612440191387
877.5510204081633,10.866028708133971,-3.5454545454545454,3.7177033492822966
882.6530612244898,10.681818181818182,-3.9473684210526314,3.873205741626794
887.7551020408163,10.279904306220097,-4.277511961722488,4.04066985645933
892.8571428571429,9.834928229665072,-4.555023923444976,4.07177033492823
897.9591836734694,9.466507177033494,-4.880382775119617,3.8421052631578947
903.0612244897959,9.322966507177034,-5.169856459330144,3.325358851674641
908.1632653061224,9.4688995215311,-5.650717703349282,2.8995215311004783
913.2653061224489,9.62200956937799,-6.631578947368421,3.22488038277512
918.3673469387755,9.58133971291866,-5.976076555023924,0.7440191387559809
923.469387755102,9.641148325358852,-5.715311004784689,-1.674641148325359
928.5714285714286,9.090909090909092,-5.901913875598086,-1.576555023923445
933.6734693877551,9.18421052631579,-5.820574162679426,-3.229665071770335
938.7755102040816,8.952153110047847,-5.935406698564593,-4.337320574162679
943.8775510204082,8.813397129186603,-6.2009569377990434,-4.868421052631579
948.9795918367347,8.650717703349283,-6.287081339712919,-5.3971291866028706
954.0816326530612,8.736842105263158,-6.547846889952153,-5.638755980861244
959.1836734693877,8.851674641148325,-6.983253588516747,-5.318181818181818
964.2857142857142,9.179425837320574,-7.42822966507177,-5.366028708133971
969.3877551020408,9.038277511961722,-7.638755980861244,-4.971291866028708
974.4897959183673,9.069377990430622,-7.4688995215311005,-5.062200956937799
979.5918367346939,8.89952153110048,-6.818181818181818,-4.698564593301436
984.6938775510204,8.763157894736842,-6.1650717703349285,-4.4952153110047846
989.7959183673469,8.916267942583731,-5.6746411483253585,-4.8708133971291865
994.8979591836735,8.67224880382775,-4.421052631578948,-4.956937799043062
1000,8.688995215311005,-3.3588516746411483,-5.258373205741627
1005,8.777511961722489,-1.9688995215311005,-5.87799043062201
1010,8.995215311004785,-0.44019138755980863,-6.421052631578948
1015,9.301435406698564,0.9497607655502392,-7.019138755980861
1020,9.65311004784689,2.354066985645933,-7.708133971291866
1025,10.076555023923445,3.3421052631578947,-8.066985645933014
1030,10.19377990430622,4.1028708133971294,-8.191387559808613
1035,10.461722488038278,4.375598086124402,-8.12200956937799
1040,10.626794258373206,3.9976076555023923,-7.437799043062201
1045,10.533492822966506,2.9186602870813396,-6.076555023923445
1050,10.220095693779903,1.3229665071770336,-4.222488038277512
1055,9.854066985645932,-0.01674641148325359,-2.660287081339713
1060,9.677033492822966,-0.8995215311004785,-1.813397129186603
1065,9.708133971291867,-1.5454545454545454,-1.3564593301435406
1070,9.775119617224881,-2.0526315789473686,-1.0095693779904307
1075,9.81578947368421,-2.397129186602871,-0.8923444976076556
1080,9.808612440191387,-2.6291866028708135,-0.7248803827751196
1085,9.698564593301436,-2.712918660287081,-0.7368421052631579
1090,9.677033492822966,-2.8205741626794256,-1.062200956937799
1095,9.380382775119617,-2.6220095693779903,-1.4210526315789473
1100,9.23444976076555,-2.507177033492823,-1.7966507177033493
1105,9.270334928229666,-2.34688995215311,-2.0023923444976077
1110,9.344497607655502,-2.124401913875598,-2.1674641148325358
1115,9.425837320574162,-1.868421052631579,-2.5526315789473686
1120,9.433014354066986,-1.4066985645933014,-3.188995215311005
1125,9.45933014354067,-0.8779904306220095,-3.897129186602871
1130,9.466507177033494,-0.2751196172248804,-4.696172248803828
1135,9.24401913875598,0.39712918660287083,-5.657894736842105
1140,8.954545454545455,0.9138755980861244,-6.70334928229665
1145,8.626794258373206,1.3588516746411483,-7.856459330143541
1150,8.380382775119617,1.6004784688995215,-8.811004784688995
1155,8.334928229665072,1.423444976076555,-9.698564593301436
1160,8.5933014354067,0.8325358851674641,-10.354066985645932
1165,9.263157894736842,-0.22966507177033493,-10.80622009569378
1170,10.174641148325358,-2.1698564593301435,-10.937799043062201
1175,10.38755980861244,-4.595693779904306,-11.019138755980862
1180,10.385167464114833,-7.294258373205742,-11.074162679425838
1185,9.930622009569378,-9.576555023923445,-10.633971291866029
1190,9.291866028708133,-12.404306220095695,-8.275119617224881
1195,8.578947368421053,-14.794258373205741,-5.966507177033493
1200,8.31578947368421,-16.51196172248804,-4.6650717703349285
1205,7.9066985645933014,-17.31578947368421,-3.1411483253588517
1210,7.863636363636363,-17.63157894736842,-1.729665071770335
1215,7.801435406698564,-17.05263157894737,-0.9569377990430622
1220,8.107655502392344,-16.095693779904305,0.05741626794258373
1225,8.590909090909092,-14.495215311004785,1.1818181818181819
1230,9.26555023923445,-12.633971291866029,2.409090909090909
1235,9.523923444976077,-10.703349282296651,3.763157894736842
1240,9.84688995215311,-8.971291866028707,4.770334928229665
1245,9.509569377990431,-6.617224880382775,5.318181818181818
1250,9.729665071770334,-4.940191387559809,5.480861244019139
1255,10.409090909090908,-3.6196172248803826,5.519138755980861
1260,11.198564593301436,-2.5861244019138754,5.44976076555024
1265,11.674641148325358,-1.708133971291866,5.23444976076555
1270,11.55023923444976,-0.6961722488038278,4.830143540669856
1275,10.71531100478469,0.7535885167464115,4.277511961722488
1280,10.18421052631579,1.9186602870813396,3.339712918660287
1285,10.232057416267942,2.526315789473684,2.1961722488038276
1290,10.25598086124402,3.088516746411483,1.277511961722488
1295,10.126794258373206,3.5598086124401913,0.5167464114832536
1300,9.889952153110048,3.784688995215311,-0.11722488038277512
1305,9.892344497607656,3.748803827751196,-0.6100478468899522
1310,9.923444976076555,3.6148325358851676,-0.7535885167464115
1315,9.91866028708134,3.2464114832535884,-0.7942583732057417
1320,9.880382775119617,2.748803827751196,-0.7272727272727273
1325,10.011961722488039,2.2344497607655502,-0.8133971291866029
1330,10.12200956937799,1.6602870813397128,-0.854066985645933
1335,10.02153110047847,1.2894736842105263,-0.645933014354067
1340,10.066985645933014,0.8373205741626795,-0.7990430622009569
1345,10.11244019138756,0.5574162679425837,-0.9019138755980861
1350,10.057416267942584,0.37799043062200954,-1.0334928229665072
1355,9.997607655502392,0.24162679425837322,-1.1770334928229664
1360,9.921052631578947,0.24641148325358853,-1.2870813397129186
1365,9.794258373205741,0.33253588516746413,-1.313397129186603
1370,9.602870813397129,0.6028708133971292,-1.2177033492822966
1375,9.547846889952153,0.7822966507177034,-0.9354066985645934
1380,9.569377990430622,0.8660287081339713,-0.6626794258373205
1385,9.545454545454545,0.8086124401913876,-0.38516746411483255
1390,9.430622009569378,0.6602870813397129,-0.1076555023923445
1395,9.339712918660288,0.5287081339712919,0.0645933014354067
1400,9.313397129186603,0.35645933014354064,0.20334928229665072
1405,9.325358851674642,0.10047846889952153,0.18660287081339713
1410,9.409090909090908,-0.18899521531100477,0.03349282296650718
1415,9.4066985645933,-0.43301435406698563,-0.18421052631578946
1420,9.423444976076555,-0.5789473684210527,-0.3827751196172249
1425,9.741626794258373,-0.7894736842105263,-0.6866028708133971
1430,9.94976076555024,-0.9665071770334929,-0.784688995215311
1435,10.052631578947368,-1.1555023923444976,-0.7631578947368421
1440,10.119617224880383,-1.2607655502392345,-0.7822966507177034
1445,10.0933014354067,-1.2488038277511961,-0.7081339712918661
1450,10.220095693779903,-1.124401913875598,-0.569377990430622
1455,10.258373205741627,-0.8397129186602871,-0.45454545454545453
1460,9.980861244019138,-0.38995215311004783,-0.45215311004784686
1465,9.818181818181818,-0.21052631578947367,-0.562200956937799
1470,9.696172248803828,0.023923444976076555,-0.6004784688995215
1475,9.629186602870814,0.284688995215311,-0.7200956937799043
1480,9.641148325358852,0.4665071770334928,-0.8923444976076556
1485,9.65311004784689,0.507177033492823,-0.9736842105263158
1490,9.669856459330143,0.5430622009569378,-0.9952153110047847
1495,9.710526315789474,0.6028708133971292,-1.0191387559808613
1500,9.722488038277511,0.6172248803827751,-0.9282296650717703
1505,9.722488038277511,0.6626794258373205,-0.8349282296650717
1510,9.777511961722489,0.6961722488038278,-0.7799043062200957
1515,9.904306220095695,0.5239234449760766,-0.6794258373205742
1520,10.043062200956937,0.25598086124401914,-0.4904306220095694
1525,10.088516746411484,-0.03588516746411483,-0.11483253588516747
1530,10.12200956937799,-0.24641148325358853,0.20813397129186603
1535,10.10047846889952,-0.4449760765550239,0.3660287081339713
1540,10.074162679425838,-0.569377990430622,0.4019138755980861
1545,10.066985645933014,-0.5789473684210527,0.35167464114832536
1550,10.059808612440191,-0.5047846889952153,0.2703349282296651
1555,9.9688995215311,-0.37320574162679426,0.07894736842105263
1560,10.007177033492823,-0.24641148325358853,-0.22248803827751196
1565,10.08133971291866,-0.22248803827751196,-0.44019138755980863
1570,10.074162679425838,-0.25598086124401914,-0.5526315789473685
1575,9.897129186602871,-0.33014354066985646,-0.49521531100478466
1580,9.80622009569378,-0.38516746411483255,-0.49521531100478466
1585,9.727272727272727,-0.45933014354066987,-0.6148325358851675
1590,9.705741626794259,-0.5239234449760766,-0.69377990430622
1595,9.67224880382775,-0.5526315789473685,-0.8133971291866029
1600,9.69377990430622,-0.6028708133971292,-0.9210526315789473
1605,9.633971291866029,-0.5143540669856459,-1.0047846889952152
1610,9.52153110047847,-0.3588516746411483,-1.1698564593301435
1615,9.62200956937799,-0.3444976076555024,-1.1578947368421053
1620,9.61244019138756,-0.35406698564593303,-1.0598086124401913
1625,9.555023923444976,-0.35645933014354064,-1.0239234449760766
1630,9.52153110047847,-0.29904306220095694,-0.8588516746411483
1635,9.555023923444976,-0.20334928229665072,-0.6794258373205742
1640,9.586124401913876,-0.07655502392344497,-0.5645933014354066
1645,9.5933014354067,-0.004784688995215311,-0.49521531100478466
1650,9.58133971291866,0.05741626794258373,-0.5909090909090909
1655,9.67224880382775,0.1291866028708134,-0.722488038277512
1660,9.808612440191387,0.1339712918660287,-0.8779904306220095
1665,9.875598086124402,0.11961722488038277,-0.9401913875598086
1670,9.834928229665072,0.14114832535885166,-0.9593301435406698
1675,9.779904306220097,0.22248803827751196,-0.9880382775119617
1680,9.904306220095695,0.33014354066985646,-0.9952153110047847
1685,9.976076555023923,0.4043062200956938,-0.84688995215311
1690,9.87799043062201,0.45454545454545453,-0.43779904306220097
1695,9.538277511961722,0.5789473684210527,-0.3373205741626794
1700,9.330143540669857,0.7607655502392344,-0.3229665071770335
1705,9.502392344497608,0.7129186602870813,-0.37799043062200954
1710,9.68421052631579,0.562200956937799,-0.39473684210526316
1715,9.75598086124402,0.4138755980861244,-0.4569377990430622
1720,9.779904306220097,0.2894736842105263,-0.562200956937799
1725,9.85645933014354,0.10047846889952153,-0.583732057416268
1730,9.889952153110048,-0.08373205741626795,-0.5813397129186603
1735,9.9066985645933,-0.16028708133971292,-0.5861244019138756
1740,9.875598086124402,-0.14114832535885166,-0.6555023923444976
1745,9.808612440191387,-0.03588516746411483,-0.722488038277512
1750,9.889952153110048,0.07655502392344497,-0.7272727272727273
1755,10.133971291866029,0.24401913875598086,-0.7033492822966507
1760,10.31578947368421,0.34688995215311,-0.5143540669856459
1765,10.33732057416268,0.41626794258373206,-0.39473684210526316
1770,10.16267942583732,0.430622009569378,-0.14114832535885166
1775,10.052631578947368,0.4019138755980861,0.07416267942583732
1780,10.026315789473685,0.2894736842105263,0.2679425837320574
1785,9.995215311004785,0.18899521531100477,0.42105263157894735
1790,9.954545454545455,0.12679425837320574,0.4449760765550239
1795,9.904306220095695,0.09330143540669857,0.4258373205741627
1800,9.89952153110048,0.08851674641148326,0.3492822966507177
1805,9.822966507177034,0.1339712918660287,0.16507177033492823
1810,9.739234449760765,0.06698564593301436,0.014354066985645933
1815,9.818181818181818,-0.12679425837320574,-0.03827751196172249
1820,9.844497607655502,-0.3133971291866029,-0.07416267942583732
1825,9.794258373205741,-0.43779904306220097,-0.10287081339712918
1830,9.760765550239235,-0.5956937799043063,-0.0861244019138756
1835,9.832535885167465,-0.7296650717703349,-0.05741626794258373
1840,9.854066985645932,-0.8492822966507177,-0.014354066985645933
1845,9.849282296650717,-0.930622009569378,0.014354066985645933
1850,9.811004784688995,-0.9330143540669856,-0.03827751196172249
1855,9.834928229665072,-0.8827751196172249,-0.14114832535885166
1860,9.868421052631579,-0.8397129186602871,-0.17942583732057416
1865,9.866028708133971,-0.8349282296650717,-0.18421052631578946
1870,9.839712918660288,-0.8349282296650717,-0.20334928229665072
1875,9.839712918660288,-0.80622009569378,-0.2511961722488038
1880,9.808612440191387,-0.80622009569378,-0.1507177033492823
1885,9.89952153110048,-0.8181818181818182,-0.02631578947368421
1890,9.921052631578947,-0.7679425837320574,0.04784688995215311
1895,9.832535885167465,-0.7559808612440191,0.0215311004784689
1900,9.760765550239235,-0.7631578947368421,0.0430622009569378
1905,9.775119617224881,-0.7033492822966507,0.0023923444976076554
1910,9.76555023923445,-0.6004784688995215,-0.10047846889952153
1915,9.758373205741627,-0.44258373205741625,-0.22727272727272727
1920,9.746411483253588,-0.28708133971291866,-0.3492822966507177
1925,9.753588516746412,-0.15311004784688995,-0.4258373205741627
1930,9.796650717703349,-0.07894736842105263,-0.4473684210526316
1935,9.813397129186603,-0.06220095693779904,-0.48564593301435405
1940,9.830143540669857,-0.045454545454545456,-0.4665071770334928
1945,9.842105263157896,0.0023923444976076554,-0.361244019138756
1950,9.811004784688995,-0.0023923444976076554,-0.361244019138756
1955,9.751196172248804,0.01674641148325359,-0.25598086124401914
1960,9.736842105263158,0.05502392344497608,-0.16507177033492823
1965,9.698564593301436,0.0645933014354067,-0.17464114832535885
1970,9.705741626794259,0.10287081339712918,-0.17942583732057416
1975,9.772727272727273,0.13636363636363635,-0.17703349282296652
1980,9.854066985645932,0.18899521531100477,-0.10047846889952153
1985,9.885167464114833,0.24641148325358853,-0.019138755980861243
1990,9.894736842105264,0.3492822966507177,-0.03110047846889952
1995,9.942583732057416,0.44019138755980863,0.045454545454545456
2000,9.992822966507177,0.5239234449760766,0.10287081339712918
2005.0251256281408,9.997607655502392,0.562200956937799,0.045454545454545456
2010.0502512562814,9.976076555023923,0.5789473684210527,-0.06220095693779904
2015.0753768844222,9.916267942583731,0.5454545454545454,-0.20574162679425836
2020.1005025125628,9.84688995215311,0.507177033492823,-0.3062200956937799
2025.1256281407036,9.84688995215311,0.39952153110047844,-0.4449760765550239
2030.1507537688442,9.875598086124402,0.32057416267942584,-0.6004784688995215
2035.175879396985,9.954545454545455,0.2679425837320574,-0.7248803827751196
2040.2010050251256,10.026315789473685,0.24641148325358853,-0.7511961722488039
2045.2261306532664,9.95933014354067,0.2751196172248804,-0.6794258373205742
2050.251256281407,9.9066985645933,0.2583732057416268,-0.6363636363636364
2055.2763819095476,9.882775119617225,0.25598086124401914,-0.5909090909090909
2060.3015075376884,9.913875598086124,0.22009569377990432,-0.507177033492823
2065.326633165829,9.851674641148325,0.16985645933014354,-0.35645933014354064
2070.35175879397,9.770334928229666,0.12679425837320574,-0.26555023923444976
2075.3768844221104,9.688995215311005,0.03110047846889952,-0.27751196172248804
2080.402010050251,9.631578947368421,-0.10047846889952153,-0.2511961722488038
2085.427135678392,9.598086124401913,-0.19617224880382775,-0.23444976076555024
2090.452261306533,9.624401913875598,-0.19617224880382775,-0.2631578947368421
2095.477386934673,9.71531100478469,-0.21052631578947367,-0.25598086124401914
2100.502512562814,9.78468899521531,-0.2703349282296651,-0.20334928229665072
2105.527638190955,9.772727272727273,-0.25598086124401914,-0.21770334928229665
2110.5527638190956,9.78468899521531,-0.17942583732057416,-0.1937799043062201
2115.577889447236,9.76555023923445,-0.1507177033492823,-0.15550239234449761
2120.603015075377,9.767942583732058,-0.1339712918660287,-0.16028708133971292
2125.6281407035176,9.779904306220097,-0.10526315789473684,-0.1076555023923445
2130.6532663316584,9.811004784688995,-0.0645933014354067,0.03827751196172249
2135.6783919597992,9.779904306220097,-0.07177033492822966,0.19856459330143542
2140.7035175879396,9.710526315789474,-0.07655502392344497,0.20574162679425836
2145.7286432160804,9.67224880382775,-0.05502392344497608,0.21770334928229665
2150.753768844221,9.720095693779903,-0.0645933014354067,0.1507177033492823
2155.778894472362,9.844497607655502,-0.09330143540669857,0.0430622009569378
2160.8040201005024,9.95933014354067,-0.06220095693779904,-0.11483253588516747
2165.829145728643,9.997607655502392,-0.050239234449760764,-0.24880382775119617
2170.854271356784,10.028708133971293,0.009569377990430622,-0.291866028708134
2175.879396984925,10.052631578947368,0.05263157894736842,-0.4784688995215311
2180.904522613065,10.064593301435407,0.0861244019138756,-0.4880382775119617
2185.929648241206,10.05023923444976,0.07416267942583732,-0.48564593301435405
2190.954773869347,10.047846889952153,0.014354066985645933,-0.42105263157894735
2195.9798994974876,10.004784688995215,0.03349282296650718,-0.4043062200956938
2201.005025125628,9.88755980861244,0.1937799043062201,-0.44019138755980863
2206.030150753769,9.787081339712918,0.22248803827751196,-0.39712918660287083
2211.0552763819096,9.736842105263158,0.21770334928229665,-0.30861244019138756
2216.0804020100504,9.655502392344498,0.28708133971291866,-0.28708133971291866
2221.105527638191,9.655502392344498,0.3157894736842105,-0.27751196172248804
2226.1306532663316,9.669856459330143,0.2607655502392344,-0.291866028708134
2231.1557788944724,9.66267942583732,0.20095693779904306,-0.2583732057416268
2236.180904522613,9.641148325358852,0.10287081339712918,-0.215311004784689
2241.2060301507536,9.610047846889952,0.014354066985645933,-0.13157894736842105
2246.2311557788944,9.588516746411484,-0.11244019138755981,-0.09569377990430622
2251.256281407035,9.68421052631579,-0.22966507177033493,-0.0430622009569378
2256.281407035176,9.782296650717702,-0.28708133971291866,-0.06937799043062201
2261.306532663317,9.820574162679426,-0.2727272727272727,-0.050239234449760764
2266.331658291457,9.839712918660288,-0.19138755980861244,-0.03827751196172249
2271.356783919598,9.901913875598087,-0.15550239234449761,0.009569377990430622
2276.381909547739,9.916267942583731,-0.215311004784689,0.06220095693779904
2281.407035175879,9.947368421052632,-0.2511961722488038,0.09090909090909091
2286.43216080402,9.916267942583731,-0.2727272727272727,0.05263157894736842
2291.457286432161,9.947368421052632,-0.35167464114832536,0.06220095693779904
2296.4824120603016,10.047846889952153,-0.48564593301435405,0.09808612440191387
2301.5075376884424,10.078947368421053,-0.4784688995215311,0.10526315789473684
2306.532663316583,10.086124401913876,-0.4449760765550239,0.05741626794258373
2311.5577889447236,10.059808612440191,-0.4138755980861244,0.0861244019138756
2316.5829145728644,10.062200956937799,-0.361244019138756,0.04066985645933014
2321.608040201005,10.055023923444976,-0.3684210526315789,-0.06220095693779904
2326.6331658291456,10.043062200956937,-0.3181818181818182,-0.11483253588516747
2331.6582914572864,9.925837320574162,-0.3038277511961722,-0.21770334928229665
2336.683417085427,9.801435406698564,-0.3133971291866029,-0.33253588516746413
2341.708542713568,9.700956937799043,-0.3444976076555024,-0.3492822966507177
2346.7336683417084,9.739234449760765,-0.35406698564593303,-0.47607655502392343
2351.758793969849,9.76555023923445,-0.41626794258373206,-0.5430622009569378
2356.78391959799,9.782296650717702,-0.42822966507177035,-0.6555023923444976
2361.809045226131,9.813397129186603,-0.49521531100478466,-0.6842105263157895
2366.834170854271,9.80622009569378,-0.5502392344497608,-0.6148325358851675
2371.859296482412,9.746411483253588,-0.5215311004784688,-0.5143540669856459
2376.884422110553,9.705741626794259,-0.38995215311004783,-0.45454545454545453
2381.9095477386936,9.650717703349283,-0.23923444976076555,-0.33014354066985646
2386.9346733668344,9.626794258373206,-0.06220095693779904,-0.24401913875598086
2391.959798994975,9.648325358851675,0.06220095693779904,-0.03349282296650718
2396.9849246231156,9.782296650717702,0.045454545454545456,0.03349282296650718
2402.0100502512564,9.858851674641148,0.14354066985645933,0.18660287081339713
2407.035175879397,9.901913875598087,0.20095693779904306,0.3181818181818182
2412.0603015075376,9.89952153110048,0.145933014354067,0.35645933014354064
2417.0854271356784,10.014354066985646,0.0645933014354067,0.4090909090909091
2422.110552763819,10.098086124401913,0.03827751196172249,0.42822966507177035
2427.13567839196,10.090909090909092,0.028708133971291867,0.34688995215311
2432.1608040201004,10.014354066985646,0.07416267942583732,0.23444976076555024
2437.185929648241,9.94976076555024,0.05502392344497608,0.0861244019138756
2442.211055276382,9.921052631578947,0.04066985645933014,0.05263157894736842
2447.236180904523,10.002392344497608,0.0215311004784689,0.03827751196172249
2452.261306532663,9.894736842105264,-0.019138755980861243,0.07416267942583732
2457.286432160804,9.818181818181818,-0.05502392344497608,0.0023923444976076554
2462.311557788945,9.782296650717702,-0.17703349282296652,0.1076555023923445
2467.3366834170856,9.868421052631579,-0.2751196172248804,0.18421052631578946
2472.361809045226,9.925837320574162,-0.36363636363636365,0.17464114832535885
2477.386934673367,9.954545454545455,-0.4090909090909091,0.1507177033492823
2482.4120603015076,9.91866028708134,-0.423444976076555,0.11961722488038277
2487.4371859296484,9.834928229665072,-0.47607655502392343,0.06698564593301436
2492.462311557789,9.820574162679426,-0.4449760765550239,-0.019138755980861243
2497.4874371859296,9.76555023923445,-0.42105263157894735,-0.1076555023923445
2502.5125628140704,9.73444976076555,-0.4354066985645933,-0.14354066985645933
2507.537688442211,9.720095693779903,-0.430622009569378,-0.24641148325358853
2512.562814070352,9.68421052631579,-0.423444976076555,-0.22009569377990432
2517.5879396984924,9.681818181818182,-0.45454545454545453,-0.10287081339712918
2522.613065326633,9.739234449760765,-0.3875598086124402,-0.07894736842105263
2527.638190954774,9.739234449760765,-0.20334928229665072,-0.03827751196172249
2532.6633165829144,9.748803827751196,-0.11961722488038277,0.06698564593301436
2537.688442211055,9.720095693779903,-0.004784688995215311,0.13157894736842105
2542.713567839196,9.677033492822966,0.1076555023923445,0.21291866028708134
2547.738693467337,9.578947368421053,0.2535885167464115,0.1507177033492823
2552.7638190954776,9.559808612440191,0.43779904306220097,-0.007177033492822967
2557.788944723618,9.602870813397129,0.562200956937799,-0.07894736842105263
2562.814070351759,9.610047846889952,0.6052631578947368,-0.1722488038277512
2567.8391959798996,9.650717703349283,0.6746411483253588,-0.22488038277511962
2572.86432160804,9.801435406698564,0.7009569377990431,-0.3229665071770335
2577.889447236181,9.858851674641148,0.6578947368421053,-0.4904306220095694
2582.9145728643216,9.808612440191387,0.6124401913875598,-0.6148325358851675
2587.9396984924624,9.753588516746412,0.6220095693779905,-0.6794258373205742
2592.964824120603,9.66267942583732,0.645933014354067,-0.7368421052631579
2597.989949748744,9.595693779904305,0.6339712918660287,-0.7942583732057417
2603.0150753768844,9.5933014354067,0.5215311004784688,-0.7248803827751196
2608.040201005025,9.636363636363637,0.3803827751196172,-0.6913875598086124
2613.065326633166,9.645933014354068,0.28708133971291866,-0.638755980861244
2618.0904522613064,9.62200956937799,0.18181818181818182,-0.5287081339712919
2623.115577889447,9.629186602870814,0.06220095693779904,-0.5047846889952153
2628.140703517588,9.667464114832535,-0.08133971291866028,-0.4904306220095694
2633.165829145729,9.686602870813397,-0.1722488038277512,-0.47129186602870815
2638.1909547738696,9.753588516746412,-0.30861244019138756,-0.45933014354066987
2643.21608040201,9.813397129186603,-0.3803827751196172,-0.37799043062200954
2648.241206030151,9.85645933014354,-0.42822966507177035,-0.3875598086124402
2653.2663316582916,9.81578947368421,-0.5023923444976076,-0.430622009569378
2658.291457286432,9.80622009569378,-0.5358851674641149,-0.39952153110047844
2663.316582914573,9.866028708133971,-0.5406698564593302,-0.4569377990430622
2668.3417085427136,9.942583732057416,-0.5287081339712919,-0.5382775119617225
2673.3668341708544,9.976076555023923,-0.47607655502392343,-0.6602870813397129
2678.3919597989952,9.988038277511961,-0.42105263157894735,-0.8157894736842105
2683.4170854271356,9.944976076555024,-0.2822966507177033,-1
2688.4422110552764,9.976076555023923,-0.22488038277511962,-1.1555023923444976
2693.467336683417,10.035885167464114,-0.18660287081339713,-1.2272727272727273
2698.4924623115576,10.057416267942584,-0.15789473684210525,-1.2488038277511961
2703.5175879396984,9.992822966507177,-0.15550239234449761,-1.174641148325359
2708.542713567839,9.904306220095695,-0.13636363636363635,-1.062200956937799
2713.56783919598,9.799043062200957,-0.10526315789473684,-1.0502392344497609
2718.592964824121,9.787081339712918,-0.14354066985645933,-1.0215311004784688
2723.6180904522616,9.703349282296651,-0.16028708133971292,-0.9952153110047847
2728.643216080402,9.636363636363637,-0.15311004784688995,-0.916267942583732
2733.668341708543,9.686602870813397,-0.22727272727272727,-0.861244019138756
2738.6934673366836,9.696172248803828,-0.28708133971291866,-0.9354066985645934
2743.718592964824,9.777511961722489,-0.3492822966507177,-0.9114832535885168
2748.743718592965,9.851674641148325,-0.430622009569378,-0.8397129186602871
2753.7688442211056,9.863636363636363,-0.4880382775119617,-0.8755980861244019
2758.7939698492464,9.868421052631579,-0.5717703349282297,-0.9138755980861244
2763.8190954773872,9.866028708133971,-0.6818181818181818,-0.9043062200956937
2768.8442211055276,9.796650717703349,-0.6913875598086124,-0.7344497607655502
2773.8693467336684,9.822966507177034,-0.7320574162679426,-0.6076555023923444
2778.894472361809,9.868421052631579,-0.7679425837320574,-0.5334928229665071
2783.9195979899496,9.930622009569378,-0.8301435406698564,-0.4473684210526316
2788.9447236180904,9.904306220095695,-0.7894736842105263,-0.41626794258373206
2793.969849246231,9.834928229665072,-0.6076555023923444,-0.46172248803827753
2798.994974874372,9.75598086124402,-0.4449760765550239,-0.6578947368421053
2804.020100502513,9.770334928229666,-0.2583732057416268,-0.8779904306220095
2809.045226130653,9.76555023923445,-0.13157894736842105,-0.992822966507177
2814.070351758794,9.854066985645932,0.04066985645933014,-1.1435406698564594
2819.095477386935,9.854066985645932,0.19856459330143542,-1.3014354066985645
2824.120603015075,9.787081339712918,0.3923444976076555,-1.5645933014354068
2829.145728643216,9.746411483253588,0.6483253588516746,-1.8205741626794258
2834.170854271357,9.729665071770334,0.722488038277512,-1.8851674641148326
2839.1959798994976,9.724880382775119,0.6722488038277512,-1.9258373205741626
2844.2211055276384,9.674641148325358,0.6674641148325359,-1.8588516746411483
2849.2462311557792,9.717703349282298,0.6483253588516746,-1.8516746411483254
2854.2713567839196,9.73444976076555,0.5765550239234449,-1.7727272727272727
2859.2964824120604,9.772727272727273,0.48325358851674644,-1.5502392344497609
2864.321608040201,9.777511961722489,0.33253588516746413,-1.3468899521531101
2869.3467336683416,9.799043062200957,0.24162679425837322,-1.2344497607655502
2874.3718592964824,9.767942583732058,0.18899521531100477,-1.1578947368421053
2879.396984924623,9.741626794258373,0.0645933014354067,-1.0861244019138756
2884.422110552764,9.779904306220097,-0.15550239234449761,-1.1076555023923444
2889.447236180905,9.648325358851675,-0.23444976076555024,-1.0215311004784688
2894.472361809045,9.5311004784689,-0.22488038277511962,-0.916267942583732
2899.497487437186,9.598086124401913,-0.24880382775119617,-0.9043062200956937
2904.522613065327,9.61244019138756,-0.3062200956937799,-0.8636363636363636
2909.547738693467,9.64354066985646,-0.38995215311004783,-0.7559808612440191
2914.572864321608,9.617224880382775,-0.44019138755980863,-0.6028708133971292
2919.597989949749,9.586124401913876,-0.49760765550239233,-0.5023923444976076
2924.6231155778896,9.61244019138756,-0.49760765550239233,-0.4880382775119617
2929.6482412060304,9.614832535885167,-0.5598086124401914,-0.42105263157894735
2934.673366834171,9.619617224880383,-0.5813397129186603,-0.3062200956937799
2939.6984924623116,9.674641148325358,-0.6291866028708134,-0.17703349282296652
2944.7236180904524,9.681818181818182,-0.5980861244019139,-0.16267942583732056
2949.748743718593,9.770334928229666,-0.5526315789473685,-0.27751196172248804
2954.7738693467336,9.84688995215311,-0.45933014354066987,-0.24401913875598086
2959.7989949748744,9.992822966507177,-0.44258373205741625,-0.011961722488038277
2964.824120603015,9.9688995215311,-0.37559808612440193,0.23205741626794257
2969.849246231156,9.944976076555024,-0.37799043062200954,0.18421052631578946
2974.874371859297,9.933014354066986,-0.37559808612440193,0.11004784688995216
2979.899497487437,9.942583732057416,-0.2966507177033493,0.13875598086124402
2984.924623115578,9.980861244019138,-0.24401913875598086,0.13157894736842105
2989.949748743719,9.954545454545455,-0.1722488038277512,0.028708133971291867
2994.974874371859,9.935406698564593,-0.08133971291866028,-0.02631578947368421
3000,9.937799043062201,0.028708133971291867,-0.09569377990430622
3005.1020408163267,9.894736842105264,0.16985645933014354,-0.08851674641148326
3010.204081632653,9.91866028708134,0.2535885167464115,-0.1076555023923445
3015.3061224489797,9.88755980861244,0.47368421052631576,-0.19856459330143542
3020.408163265306,9.763157894736842,0.6196172248803827,-0.3397129186602871
3025.5102040816328,9.753588516746412,0.7607655502392344,-0.43301435406698563
3030.612244897959,9.729665071770334,0.8827751196172249,-0.46411483253588515
3035.714285714286,9.729665071770334,0.930622009569378,-0.5239234449760766
3040.816326530612,9.665071770334928,1.055023923444976,-0.5813397129186603
3045.918367346939,9.688995215311005,0.9904306220095693,-0.7009569377990431
3051.0204081632655,9.514354066985646,1.0909090909090908,-0.8397129186602871
3056.122448979592,9.5,1.174641148325359,-0.9330143540669856
3061.2244897959185,9.4688995215311,1.2200956937799043,-1.0287081339712918
3066.326530612245,9.447368421052632,1.2894736842105263,-1.1985645933014355
3071.4285714285716,9.433014354066986,1.236842105263158,-1.186602870813397
3076.530612244898,9.411483253588516,1.0837320574162679,-1.131578947368421
3081.6326530612246,9.35645933014354,0.9665071770334929,-0.9904306220095693
3086.734693877551,9.394736842105264,0.7918660287081339,-0.8923444976076556
3091.8367346938776,9.547846889952153,0.5119617224880383,-0.8755980861244019
3096.938775510204,9.686602870813397,0.44258373205741625,-0.8373205741626795
3102.0408163265306,9.741626794258373,0.3492822966507177,-0.6985645933014354
3107.1428571428573,9.69377990430622,0.291866028708134,-0.5191387559808612
3112.2448979591836,9.62200956937799,0.24162679425837322,-0.45454545454545453
3117.3469387755104,9.583732057416269,0.3062200956937799,-0.4904306220095694
3122.4489795918366,9.545454545454545,0.3827751196172249,-0.5
3127.5510204081634,9.631578947368421,0.3660287081339713,-0.507177033492823
3132.6530612244896,9.691387559808613,0.5047846889952153,-0.42105263157894735
3137.7551020408164,9.69377990430622,0.5980861244019139,-0.4354066985645933
3142.8571428571427,9.677033492822966,0.8110047846889952,-0.4904306220095694
3147.9591836734694,9.720095693779903,1.0095693779904307,-0.5765550239234449
3153.0612244897957,9.705741626794259,1.1842105263157894,-0.6866028708133971
3158.1632653061224,9.674641148325358,1.375598086124402,-0.8253588516746412
3163.265306122449,9.732057416267942,1.423444976076555,-0.9497607655502392
3168.3673469387754,9.78468899521531,1.4760765550239234,-1.0215311004784688
3173.469387755102,9.9066985645933,1.4880382775119618,-1.069377990430622
3178.5714285714284,10.023923444976077,1.5239234449760766,-1
3183.673469387755,10.033492822966506,1.5191387559808613,-0.8875598086124402
3188.7755102040815,10.045454545454545,1.394736842105263,-0.7511961722488039
3193.877551020408,10.0311004784689,1.2200956937799043,-0.6889952153110048
3198.9795918367345,9.964114832535886,1.0861244019138756,-0.6172248803827751
3204.081632653061,9.889952153110048,1.0358851674641147,-0.6124401913875598
3209.183673469388,9.84688995215311,0.9521531100478469,-0.638755980861244
3214.285714285714,9.80622009569378,0.8708133971291866,-0.5598086124401914
3219.387755102041,9.820574162679426,0.784688995215311,-0.49521531100478466
3224.4897959183672,9.842105263157896,0.7320574162679426,-0.49282296650717705
3229.591836734694,9.868421052631579,0.7105263157894737,-0.4665071770334928
3234.6938775510203,9.868421052631579,0.7535885167464115,-0.5047846889952153
3239.795918367347,9.834928229665072,0.784688995215311,-0.5741626794258373
3244.8979591836733,9.858851674641148,0.638755980861244,-0.5023923444976076
3250,9.921052631578947,0.5215311004784688,-0.45454545454545453
3255.1020408163267,9.973684210526315,0.5358851674641149,-0.5263157894736842
3260.204081632653,9.944976076555024,0.569377990430622,-0.6148325358851675
3265.3061224489797,9.923444976076555,0.5454545454545454,-0.6866028708133971
3270.408163265306,9.94976076555024,0.5598086124401914,-0.7344497607655502
3275.5102040816328,9.87799043062201,0.6100478468899522,-0.8277511961722488
3280.612244897959,9.832535885167465,0.5645933014354066,-0.8827751196172249
3285.714285714286,9.787081339712918,0.5454545454545454,-0.8755980861244019
3290.816326530612,9.82775119617225,0.5047846889952153,-0.9712918660287081
3295.918367346939,9.901913875598087,0.29904306220095694,-0.992822966507177
3301.0204081632655,9.92822966507177,0.06937799043062201,-0.9497607655502392
3306.122448979592,9.923444976076555,-0.07177033492822966,-0.9043062200956937
3311.2244897959185,9.875598086124402,-0.20574162679425836,-0.7679425837320574
3316.326530612245,9.851674641148325,-0.3062200956937799,-0.6124401913875598
3321.4285714285716,9.849282296650717,-0.32057416267942584,-0.41866028708133973
3326.530612244898,9.78468899521531,-0.3229665071770335,-0.21052631578947367
3331.6326530612246,9.770334928229666,-0.29904306220095694,-0.15789473684210525
3336.734693877551,9.65311004784689,-0.14354066985645933,-0.2511961722488038
3341.8367346938776,9.61244019138756,-0.11244019138755981,-0.2822966507177033
3346.9387755102043,9.624401913875598,-0.11961722488038277,-0.4138755980861244
3352.0408163265306,9.669856459330143,-0.12200956937799043,-0.5478468899521531
3357.142857142857,9.686602870813397,-0.1722488038277512,-0.5167464114832536
3362.2448979591836,9.69377990430622,-0.20813397129186603,-0.6339712918660287
3367.3469387755104,9.727272727272727,-0.26555023923444976,-0.7416267942583732
3372.4489795918366,9.74401913875598,-0.41148325358851673,-0.6244019138755981
3377.5510204081634,9.62200956937799,-0.5143540669856459,-0.6076555023923444
3382.6530612244896,9.471291866028707,-0.5741626794258373,-0.6961722488038278
3387.7551020408164,9.586124401913876,-0.6818181818181818,-0.7296650717703349
3392.8571428571427,9.724880382775119,-0.7799043062200957,-0.7248803827751196
3397.9591836734694,9.741626794258373,-0.7655502392344498,-0.7990430622009569
3403.0612244897957,9.739234449760765,-0.8779904306220095,-0.8588516746411483
3408.1632653061224,9.71531100478469,-0.9425837320574163,-0.9090909090909091
3413.265306122449,9.760765550239235,-0.8875598086124402,-0.9425837320574163
3418.3673469387754,9.868421052631579,-0.8373205741626795,-1.1172248803827751
3423.469387755102,9.961722488038278,-0.8277511961722488,-1.208133971291866
3428.5714285714284,9.944976076555024,-0.7942583732057417,-1.1267942583732058
3433.673469387755,9.88755980861244,-0.784688995215311,-1.0430622009569377
3438.7755102040815,9.80622009569378,-0.7440191387559809,-1.014354066985646
3443.877551020408,9.825358851674642,-0.7177033492822966,-0.9760765550239234
3448.9795918367345,9.87799043062201,-0.6722488038277512,-0.992822966507177
3454.081632653061,9.863636363636363,-0.6770334928229665,-0.9521531100478469
3459.183673469388,9.811004784688995,-0.7488038277511961,-0.8732057416267942
3464.285714285714,9.80622009569378,-0.7942583732057417,-0.7703349282296651
3469.387755102041,9.760765550239235,-0.8492822966507177,-0.6602870813397129
3474.4897959183672,9.677033492822966,-0.9210526315789473,-0.5263157894736842
3479.591836734694,9.67224880382775,-0.9665071770334929,-0.43301435406698563
3484.6938775510203,9.667464114832535,-0.9832535885167464,-0.4019138755980861
3489.795918367347,9.700956937799043,-0.9449760765550239,-0.37799043062200954
3494.8979591836733,9.669856459330143,-0.8875598086124402,-0.3229665071770335
3500,9.631578947368421,-0.7703349282296651,-0.4090909090909091
3505.1020408163267,9.655502392344498,-0.5765550239234449,-0.7033492822966507
3510.204081632653,9.62200956937799,-0.4784688995215311,-0.8995215311004785
3515.3061224489797,9.631578947368421,-0.43779904306220097,-0.8875598086124402
3520.408163265306,9.667464114832535,-0.4688995215311005,-0.8564593301435407
3525.5102040816328,9.796650717703349,-0.47129186602870815,-0.84688995215311
3530.612244897959,9.911483253588516,-0.46411483253588515,-0.8157894736842105
3535.714285714286,9.854066985645932,-0.5023923444976076,-0.7655502392344498
3540.816326530612,9.81578947368421,-0.5311004784688995,-0.6842105263157895
3545.918367346939,9.822966507177034,-0.583732057416268,-0.6435406698564593
3551.0204081632655,9.822966507177034,-0.5933014354066986,-0.5669856459330144
3556.122448979592,9.861244019138756,-0.631578947368421,-0.5023923444976076
3561.224489795918,9.854066985645932,-0.6004784688995215,-0.49760765550239233
3566.326530612245,9.873205741626794,-0.5430622009569378,-0.49521531100478466
3571.4285714285716,9.842105263157896,-0.48086124401913877,-0.5191387559808612
3576.530612244898,9.760765550239235,-0.3708133971291866,-0.5909090909090909
3581.6326530612246,9.717703349282298,-0.32057416267942584,-0.49521531100478466
3586.734693877551,9.729665071770334,-0.3133971291866029,-0.2822966507177033
3591.8367346938776,9.741626794258373,-0.29904306220095694,-0.18899521531100477
3596.9387755102043,9.849282296650717,-0.22009569377990432,-0.23444976076555024
3602.0408163265306,9.904306220095695,-0.05741626794258373,-0.3708133971291866
3607.142857142857,9.925837320574162,0.0215311004784689,-0.48564593301435405
3612.2448979591836,9.880382775119617,0.08133971291866028,-0.4784688995215311
3617.3469387755104,9.84688995215311,0.21052631578947367,-0.5765550239234449
3622.4489795918366,9.705741626794259,0.3038277511961722,-0.645933014354067
3627.5510204081634,9.578947368421053,0.35406698564593303,-0.7511961722488039
3632.6530612244896,9.588516746411484,0.45215311004784686,-0.9210526315789473
3637.7551020408164,9.598086124401913,0.6052631578947368,-1.3110047846889952
3642.857142857143,9.708133971291867,0.7942583732057417,-1.799043062200957
3647.9591836734694,9.688995215311005,0.9808612440191388,-2.327751196172249
3653.0612244897957,9.657894736842104,1.0191387559808613,-2.4976076555023923
3658.1632653061224,9.641148325358852,0.9832535885167464,-2.4808612440191387
3663.265306122449,9.68421052631579,0.8110047846889952,-2.3636363636363638
3668.3673469387754,9.849282296650717,0.5502392344497608,-2.1148325358851676
3673.469387755102,10.011961722488039,0.20574162679425836,-1.6722488038277512
3678.5714285714284,10.047846889952153,-0.05980861244019139,-1.3157894736842106
3683.673469387755,9.937799043062201,-0.22248803827751196,-1.0598086124401913
3688.7755102040815,9.822966507177034,-0.3349282296650718,-0.937799043062201
3693.877551020408,9.779904306220097,-0.36363636363636365,-0.9904306220095693
3698.9795918367345,9.84688995215311,-0.3923444976076555,-1.105263157894737
3704.081632653061,9.925837320574162,-0.3875598086124402,-1.124401913875598
3709.183673469388,9.880382775119617,-0.3397129186602871,-1.1148325358851674
3714.285714285714,9.799043062200957,-0.2751196172248804,-1.069377990430622
3719.387755102041,9.741626794258373,-0.25598086124401914,-0.9856459330143541
3724.4897959183672,9.799043062200957,-0.215311004784689,-1.0215311004784688
3729.591836734694,9.851674641148325,-0.18181818181818182,-1.1555023923444976
3734.6938775510203,9.791866028708133,-0.19617224880382775,-1.3014354066985645
3739.795918367347,9.705741626794259,-0.2942583732057416,-1.3110047846889952
3744.8979591836733,9.691387559808613,-0.3181818181818182,-1.4066985645933014
3750,9.75598086124402,-0.3229665071770335,-1.7416267942583732
3755.1020408163267,9.760765550239235,-0.3133971291866029,-2.047846889952153
3760.204081632653,9.758373205741627,-0.2966507177033493,-2.248803827751196
3765.3061224489793,9.758373205741627,-0.22488038277511962,-2.4688995215311005
3770.408163265306,9.724880382775119,-0.215311004784689,-2.722488038277512
3775.5102040816328,9.648325358851675,-0.37320574162679426,-2.65311004784689
3780.612244897959,9.614832535885167,-0.5574162679425837,-2.4330143540669855
3785.714285714286,9.610047846889952,-0.8086124401913876,-2.1315789473684212
3790.816326530612,9.598086124401913,-1.1028708133971292,-1.8732057416267942
3795.918367346939,9.614832535885167,-1.3397129186602872,-1.6004784688995215
3801.0204081632655,9.64354066985646,-1.5023923444976077,-1.3421052631578947
3806.122448979592,9.657894736842104,-1.6076555023923444,-1.0813397129186604
3811.224489795918,9.638755980861244,-1.6650717703349283,-0.7296650717703349
3816.326530612245,9.624401913875598,-1.6435406698564594,-0.5574162679425837
3821.4285714285716,9.696172248803828,-1.6220095693779903,-0.5669856459330144
3826.530612244898,9.724880382775119,-1.507177033492823,-0.7200956937799043
3831.6326530612246,9.65311004784689,-1.3923444976076556,-0.7679425837320574
3836.734693877551,9.660287081339712,-1.2966507177033493,-0.6578947368421053
3841.8367346938776,9.65311004784689,-1.1794258373205742,-0.6866028708133971
3846.9387755102043,9.67224880382775,-1.007177033492823,-0.8325358851674641
3852.0408163265306,9.614832535885167,-0.9090909090909091,-0.9354066985645934
3857.142857142857,9.516746411483254,-0.7488038277511961,-0.9234449760765551
3862.2448979591836,9.514354066985646,-0.6196172248803827,-0.9784688995215312
3867.3469387755104,9.535885167464114,-0.4569377990430622,-1.2464114832535884
3872.4489795918366,9.514354066985646,-0.33253588516746413,-1.5047846889952152
3877.5510204081634,9.461722488038278,-0.20813397129186603,-1.6698564593301435
3882.6530612244896,9.47846889952153,-0.12440191387559808,-1.7033492822966507
3887.7551020408164,9.545454545454545,-0.13157894736842105,-1.5956937799043063
3892.857142857143,9.760765550239235,-0.22727272727272727,-1.5645933014354068
3897.9591836734694,9.870813397129186,-0.26555023923444976,-1.6028708133971292
3903.0612244897957,9.882775119617225,-0.22966507177033493,-1.5287081339712918
3908.1632653061224,9.789473684210526,-0.17942583732057416,-1.4593301435406698
3913.265306122449,9.777511961722489,-0.2822966507177033,-1.277511961722488
3918.3673469387754,9.889952153110048,-0.3038277511961722,-1.3205741626794258
3923.469387755102,9.930622009569378,-0.33253588516746413,-1.2464114832535884
3928.5714285714284,9.904306220095695,-0.3157894736842105,-1.244019138755981
3933.673469387755,9.913875598086124,-0.2894736842105263,-1.1148325358851674
3938.7755102040815,9.95933014354067,-0.36363636363636365,-1.1004784688995215
3943.877551020408,9.894736842105264,-0.37559808612440193,-1.0263157894736843
3948.9795918367345,9.825358851674642,-0.3803827751196172,-0.861244019138756
3954.081632653061,9.81578947368421,-0.45933014354066987,-0.7057416267942583
3959.183673469388,9.897129186602871,-0.5885167464114832,-0.6626794258373205
3964.285714285714,9.92822966507177,-0.715311004784689,-0.583732057416268
3969.387755102041,9.868421052631579,-0.8157894736842105,-0.4688995215311005
3974.4897959183672,9.633971291866029,-0.8444976076555024,-0.22488038277511962
3979.591836734694,9.557416267942584,-0.9593301435406698,0.019138755980861243
3984.6938775510203,9.416267942583731,-1.0119617224880382,0.2679425837320574
3989.795918367347,9.31578947368421,-1.244019138755981,0.69377990430622
3994.8979591836733,9.069377990430622,-1.6483253588516746,1.354066985645933
4000,8.586124401913876,-2.2799043062200957,2.574162679425837
4005,9.868421052631579,-2.9617224880382773,2.6555023923444976
4010,10.069377990430622,-2.6435406698564594,1.868421052631579
4015,10.28468899521531,-2.208133971291866,0.631578947368421
4020,10.04066985645933,-1.5334928229665072,-0.4880382775119617
4025,9.720095693779903,-1.0311004784688995,-1.3205741626794258
4030,9.586124401913876,-0.8564593301435407,-1.8110047846889952
4035,9.55023923444976,-0.7033492822966507,-2.0645933014354068
4040,9.57177033492823,-0.715311004784689,-1.9760765550239234
4045,9.67224880382775,-0.7942583732057417,-1.715311004784689
4050,9.78468899521531,-0.8492822966507177,-1.5382775119617225
4055,9.925837320574162,-0.8971291866028708,-1.2942583732057416
4060,10.131578947368421,-0.8636363636363636,-1.1698564593301435
4065,10.17224880382775,-0.8803827751196173,-1.0526315789473684
4070,10.167464114832535,-1.0119617224880382,-0.9976076555023924
4075,10.114832535885167,-1.1555023923444976,-0.9617224880382775
4080,10.095693779904305,-1.236842105263158,-0.9186602870813397
4085,10.088516746411484,-1.1555023923444976,-0.8803827751196173
4090,10.033492822966506,-1.0645933014354068,-0.8851674641148325
4095,9.933014354066986,-0.8971291866028708,-0.9186602870813397
4100,9.732057416267942,-0.6100478468899522,-1.1028708133971292
4105,9.528708133971293,-0.22009569377990432,-1.30622009569378
4110,9.413875598086124,0.09090909090909091,-1.507177033492823
4115,9.25598086124402,0.33014354066985646,-1.7751196172248804
4120,9.0311004784689,0.5550239234449761,-2.04066985645933
4125,8.67224880382775,0.80622009569378,-2.124401913875598
4130,8.763157894736842,0.8325358851674641,-2.2200956937799043
4135,8.772727272727273,0.42105263157894735,-1.9545454545454546
4140,9.062200956937799,-0.26555023923444976,-1.4354066985645932
4145,9.397129186602871,-0.22966507177033493,-1.0885167464114833
4150,9.880382775119617,-0.39712918660287083,-0.8971291866028708
4155,9.976076555023923,-0.3708133971291866,-0.722488038277512
4160,10.011961722488039,-0.4043062200956938,-0.6291866028708134
4165,9.930622009569378,-0.5358851674641149,-0.5885167464114832
4170,9.557416267942584,-0.7535885167464115,-0.48564593301435405
4175,9.4688995215311,-0.9641148325358851,-0.34688995215311
4180,9.717703349282298,-1.3301435406698565,-0.18660287081339713
4185,9.873205741626794,-1.624401913875598,-0.0430622009569378
4190,9.892344497607656,-1.88755980861244,0.1507177033492823
4195,9.854066985645932,-2.1435406698564594,0.32057416267942584
4200,9.789473684210526,-2.2799043062200957,0.3181818181818182
4205,9.633971291866029,-2.2177033492822966,0.23684210526315788
4210,9.447368421052632,-1.944976076555024,0.11004784688995216
4215,9.423444976076555,-1.5669856459330143,-0.12679425837320574
4220,9.61244019138756,-1.145933014354067,-0.5645933014354066
4225,9.940191387559809,-0.7105263157894737,-1.0502392344497609
4230,10.157894736842104,-0.4019138755980861,-1.4808612440191387
4235,10.179425837320574,-0.24880382775119617,-1.763157894736842
4240,10.02153110047847,-0.23205741626794257,-1.944976076555024
4245,9.760765550239235,-0.3157894736842105,-1.944976076555024
4250,9.538277511961722,-0.430622009569378,-1.7894736842105263
4255,9.126794258373206,-0.5191387559808612,-1.825358851674641
4260,9.205741626794259,-0.6578947368421053,-2.1004784688995217
4265,9.940191387559809,-0.777511961722488,-1.875598086124402
4270,10.44976076555024,-0.8421052631578947,-1.2583732057416268
4275,10.5933014354067,-1.0669856459330143,-0.562200956937799
4280,10.291866028708133,-1.2942583732057416,0.09090909090909091
4285,10.02153110047847,-1.5334928229665072,0.5550239234449761
4290,9.789473684210526,-1.708133971291866,0.80622009569378
4295,9.741626794258373,-1.7607655502392345,0.6889952153110048
4300,9.698564593301436,-1.674641148325359,0.5047846889952153
4305,9.885167464114833,-1.6172248803827751,0.22009569377990432
4310,10.19377990430622,-1.5239234449760766,0.12440191387559808
4315,10.423444976076555,-1.4832535885167464,0.23923444976076555
4320,10.30622009569378,-1.4665071770334928,0.36363636363636365
4325,10.028708133971293,-1.576555023923445,0.6507177033492823
4330,9.832535885167465,-1.8014354066985645,0.9210526315789473
4335,9.73444976076555,-2.1148325358851676,1.2105263157894737
4340,9.578947368421053,-2.339712918660287,1.430622009569378
4345,9.614832535885167,-2.507177033492823,1.3708133971291867
4350,9.66267942583732,-2.598086124401914,1.2177033492822966
4355,9.777511961722489,-2.588516746411483,1.0909090909090908
4360,9.87799043062201,-2.61244019138756,0.9545454545454546
4365,9.971291866028707,-2.5311004784688995,0.7416267942583732
4370,9.937799043062201,-2.411483253588517,0.49282296650717705
4375,9.844497607655502,-2.287081339712919,0.22009569377990432
4380,9.767942583732058,-2.1052631578947367,0.028708133971291867
4385,9.822966507177034,-1.9521531100478469,-0.18421052631578946
4390,9.92822966507177,-1.7942583732057416,-0.3229665071770335
4395,10.064593301435407,-1.5980861244019138,-0.3492822966507177
4400,10.088516746411484,-1.325358851674641,-0.46411483253588515
4405,9.9688995215311,-1.0191387559808613,-0.5143540669856459
4410,9.961722488038278,-0.65311004784689,-0.23444976076555024
4415,10.07177033492823,-0.3349282296650718,-0.19138755980861244
4420,10.002392344497608,-0.004784688995215311,-0.23923444976076555
4425,9.913875598086124,0.4258373205741627,-0.3157894736842105
4430,9.717703349282298,0.9473684210526315,-0.3875598086124402
4435,9.667464114832535,1.215311004784689,-0.5645933014354066
4440,9.650717703349283,1.3803827751196172,-0.7440191387559809
4445,9.69377990430622,1.4688995215311005,-0.9138755980861244
4450,9.782296650717702,1.4976076555023923,-1.1004784688995215
4455,9.753588516746412,1.4617224880382775,-1.2727272727272727
4460,9.698564593301436,1.430622009569378,-1.2942583732057416
4465,9.574162679425838,1.3851674641148326,-1.2272727272727273
4470,9.4688995215311,1.263157894736842,-1.1889952153110048
4475,9.5,1.1076555023923444,-1.1626794258373205
4480,9.495215311004785,0.930622009569378,-1.124401913875598
4485,9.495215311004785,0.7081339712918661,-1.0598086124401913
4490,9.566985645933014,0.4904306220095694,-0.8755980861244019
4495,9.590909090909092,0.18181818181818182,-0.6052631578947368
4500,9.614832535885167,-0.0861244019138756,-0.47607655502392343
4505,9.62200956937799,-0.24880382775119617,-0.42105263157894735
4510,9.669856459330143,-0.2799043062200957,-0.44258373205741625
4515,9.772727272727273,-0.33253588516746413,-0.48564593301435405
4520,9.854066985645932,-0.38995215311004783,-0.4090909090909091
4525,9.9066985645933,-0.4019138755980861,-0.2583732057416268
4530,9.940191387559809,-0.38516746411483255,-0.07894736842105263
4535,9.854066985645932,-0.47368421052631576,0.2703349282296651
4540,9.736842105263158,-0.562200956937799,0.4569377990430622
4545,9.686602870813397,-0.6555023923444976,0.5143540669856459
4550,9.691387559808613,-0.7129186602870813,0.5023923444976076
4555,9.75598086124402,-0.7344497607655502,0.47607655502392343
4560,9.854066985645932,-0.7511961722488039,0.42822966507177035
4565,9.84688995215311,-0.8110047846889952,0.35167464114832536
4570,9.76555023923445,-0.8277511961722488,0.32057416267942584
4575,9.705741626794259,-0.916267942583732,0.3923444976076555
4580,9.657894736842104,-1.0956937799043063,0.48086124401913877
4585,9.681818181818182,-1.2535885167464116,0.5717703349282297
4590,9.657894736842104,-1.4090909090909092,0.7057416267942583
4595,9.64354066985646,-1.4904306220095693,0.8110047846889952
4600,9.767942583732058,-1.5645933014354068,0.8564593301435407
4605,9.844497607655502,-1.6004784688995215,0.9856459330143541
4610,9.763157894736842,-1.5047846889952152,0.9880382775119617
4615,9.645933014354068,-1.4138755980861244,0.861244019138756
4620,9.58133971291866,-1.354066985645933,0.7464114832535885
4625,9.614832535885167,-1.284688995215311,0.5933014354066986
4630,9.712918660287082,-1.208133971291866,0.5430622009569378
4635,9.753588516746412,-1.076555023923445,0.4473684210526316
4640,9.796650717703349,-0.9497607655502392,0.2511961722488038
4645,9.76555023923445,-0.7320574162679426,0.03110047846889952
4650,9.834928229665072,-0.5382775119617225,-0.1339712918660287
4655,9.909090909090908,-0.4019138755980861,-0.24641148325358853
4660,9.995215311004785,-0.2751196172248804,-0.4043062200956938
4665,9.997607655502392,-0.04784688995215311,-0.5167464114832536
4670,10.004784688995215,0.01674641148325359,-0.65311004784689
4675,10.011961722488039,0.0430622009569378,-0.6842105263157895
4680,10.05023923444976,0.019138755980861243,-0.777511961722488
4685,10.08133971291866,-0.05502392344497608,-0.8014354066985646
4690,9.973684210526315,-0.11244019138755981,-0.784688995215311
4695,9.94976076555024,-0.19617224880382775,-0.7344497607655502
4700,9.935406698564593,-0.22727272727272727,-0.7129186602870813
4705,9.937799043062201,-0.2631578947368421,-0.583732057416268
4710,9.940191387559809,-0.4090909090909091,-0.43779904306220097
4715,9.9688995215311,-0.49760765550239233,-0.23205741626794257
4720,10.028708133971293,-0.6267942583732058,0.019138755980861243
4725,10.043062200956937,-0.7296650717703349,0.1339712918660287
4730,9.971291866028707,-0.7464114832535885,0.24880382775119617
4735,9.89952153110048,-0.7511961722488039,0.35645933014354064
4740,9.916267942583731,-0.7655502392344498,0.507177033492823
4745,9.870813397129186,-0.7583732057416268,0.6363636363636364
4750,9.825358851674642,-0.7535885167464115,0.6913875598086124
4755,9.822966507177034,-0.7607655502392344,0.7607655502392344
4760,9.858851674641148,-0.7655502392344498,0.8038277511961722
4765,9.940191387559809,-0.80622009569378,0.8349282296650717
4770,9.95933014354067,-0.8708133971291866,0.854066985645933
4775,9.937799043062201,-0.930622009569378,0.9114832535885168
4780,9.818181818181818,-0.9712918660287081,0.8588516746411483
4785,9.667464114832535,-1.0263157894736843,0.9354066985645934
4790,9.64354066985646,-1.0454545454545454,1.0119617224880382
4795,9.629186602870814,-0.9736842105263158,1.0861244019138756
4800,9.665071770334928,-0.7679425837320574,1.0789473684210527
4805,9.753588516746412,-0.6889952153110048,1.0861244019138756
4810,9.791866028708133,-0.6220095693779905,1.1291866028708133
4815,9.825358851674642,-0.5813397129186603,1.11244019138756
4820,9.91866028708134,-0.5095693779904307,0.9617224880382775
4825,10.016746411483254,-0.29904306220095694,0.8636363636363636
4830,10.05023923444976,-0.0023923444976076554,0.7918660287081339
4835,10.016746411483254,0.18660287081339713,0.6100478468899522
4840,9.976076555023923,0.3588516746411483,0.5167464114832536
4845,9.870813397129186,0.5311004784688995,0.46172248803827753
4850,9.909090909090908,0.631578947368421,0.3397129186602871
4855,9.92822966507177,0.7129186602870813,0.24401913875598086
4860,9.952153110047847,0.7081339712918661,0.1507177033492823
4865,9.980861244019138,0.6267942583732058,0.014354066985645933
4870,10.064593301435407,0.5311004784688995,-0.07894736842105263
4875,10.10047846889952,0.39473684210526316,-0.12440191387559808
4880,10.023923444976077,0.2607655502392344,-0.09808612440191387
4885,9.822966507177034,0.0861244019138756,0.01674641148325359
4890,9.65311004784689,-0.11483253588516747,0.1507177033492823
4895,9.696172248803828,-0.2942583732057416,0.25598086124401914
4900,9.916267942583731,-0.47129186602870815,0.3349282296650718
4905,9.995215311004785,-0.5861244019138756,0.3373205741626794
4910,9.889952153110048,-0.65311004784689,0.4138755980861244
4915,9.76555023923445,-0.7703349282296651,0.5263157894736842
4920,9.839712918660288,-0.9712918660287081,0.7416267942583732
4925,9.933014354066986,-1.0382775119617225,0.8899521531100478
4930,9.97846889952153,-0.930622009569378,0.9114832535885168
4935,9.882775119617225,-0.6220095693779905,0.9688995215311005
4940,9.820574162679426,-0.5143540669856459,1.0382775119617225
4945,9.933014354066986,-0.5669856459330144,1.1483253588516746
4950,9.909090909090908,-0.3588516746411483,1.0119617224880382
4955,9.882775119617225,-0.2966507177033493,0.8157894736842105
4960,9.81578947368421,-0.20813397129186603,0.7416267942583732
4965,9.67224880382775,-0.05741626794258373,0.6411483253588517
4970,9.629186602870814,0.09330143540669857,0.4090909090909091
4975,9.535885167464114,0.18899521531100477,0.22488038277511962
4980,9.452153110047847,0.16028708133971292,0.11961722488038277
4985,9.411483253588516,0.12679425837320574,0.05741626794258373
4990,9.488038277511961,0.07655502392344497,0.12679425837320574
4995,9.655502392344498,-0.019138755980861243,0.18421052631578946
5000,9.67224880382775,-0.05502392344497608,0.18660287081339713
5005.025125628141,9.720095693779903,-0.18181818181818182,0.24880382775119617
5010.050251256282,9.753588516746412,-0.17942583732057416,0.20334928229665072
5015.075376884422,9.748803827751196,-0.13875598086124402,0.0861244019138756
5020.100502512563,9.801435406698564,-0.21052631578947367,0.0861244019138756
5025.125628140703,9.748803827751196,-0.07416267942583732,0.014354066985645933
5030.150753768844,9.748803827751196,-0.050239234449760764,-0.11483253588516747
5035.175879396985,9.710526315789474,-0.045454545454545456,-0.21291866028708134
5040.201005025126,9.57177033492823,-0.01674641148325359,-0.284688995215311
5045.226130653266,9.495215311004785,0.01674641148325359,-0.3875598086124402
5050.251256281407,9.514354066985646,0.045454545454545456,-0.42822966507177035
5055.276381909548,9.633971291866029,0,-0.3827751196172249
5060.301507537689,9.708133971291867,0.01674641148325359,-0.40669856459330145
5065.326633165829,9.691387559808613,0.06937799043062201,-0.48325358851674644
5070.35175879397,9.667464114832535,-0.009569377990430622,-0.507177033492823
5075.37688442211,9.698564593301436,-0.14832535885167464,-0.37320574162679426
5080.402010050251,9.748803827751196,-0.2679425837320574,-0.2511961722488038
5085.427135678392,9.667464114832535,-0.27751196172248804,-0.19138755980861244
5090.452261306533,9.748803827751196,-0.41148325358851673,-0.05502392344497608
5095.477386934674,9.832535885167465,-0.4784688995215311,-0.0215311004784689
5100.502512562814,9.866028708133971,-0.48086124401913877,-0.03349282296650718
5105.527638190954,9.808612440191387,-0.4665071770334928,-0.09330143540669857
5110.552763819095,9.758373205741627,-0.42105263157894735,-0.2751196172248804
5115.577889447236,9.729665071770334,-0.3253588516746411,-0.3827751196172249
5120.603015075377,9.705741626794259,-0.3684210526315789,-0.3588516746411483
5125.628140703518,9.779904306220097,-0.4569377990430622,-0.19856459330143542
5130.653266331658,9.811004784688995,-0.5430622009569378,-0.03349282296650718
5135.678391959799,9.760765550239235,-0.6363636363636364,0.13157894736842105
5140.70351758794,9.71531100478469,-0.8014354066985646,0.40669856459330145
5145.728643216081,9.674641148325358,-0.8947368421052632,0.6483253588516746
5150.753768844221,9.679425837320574,-0.9019138755980861,0.8110047846889952
5155.778894472362,9.74401913875598,-0.8755980861244019,0.9210526315789473
5160.804020100502,9.813397129186603,-0.8133971291866029,0.916267942583732
5165.829145728643,9.873205741626794,-0.69377990430622,0.9425837320574163
5170.854271356784,9.861244019138756,-0.6483253588516746,1.1100478468899522
5175.879396984925,9.751196172248804,-0.5430622009569378,1.3229665071770336
5180.904522613066,9.679425837320574,-0.4354066985645933,1.5885167464114833
5185.929648241206,9.717703349282298,-0.1507177033492823,1.605263157894737
5190.954773869346,9.698564593301436,0.5311004784688995,1.4497607655502391
5195.979899497487,9.849282296650717,0.9521531100478469,1.2105263157894737
5201.005025125628,9.753588516746412,1.3277511961722488,1.0287081339712918
5206.030150753769,9.679425837320574,1.5430622009569377,0.8157894736842105
5211.05527638191,9.772727272727273,1.4784688995215312,0.6961722488038278
5216.08040201005,9.89952153110048,1.236842105263158,0.5765550239234449
5221.105527638191,10.07177033492823,0.8205741626794258,0.37559808612440193
5226.130653266332,10.136363636363637,0.37799043062200954,0.15550239234449761
5231.155778894472,10.155502392344498,-0.011961722488038277,-0.12679425837320574
5236.180904522613,10.133971291866029,-0.3708133971291866,-0.24880382775119617
5241.206030150754,10.066985645933014,-0.4904306220095694,-0.20813397129186603
5246.231155778894,10.014354066985646,-0.569377990430622,-0.045454545454545456
5251.256281407035,9.973684210526315,-0.5861244019138756,0.1722488038277512
5256.281407035176,9.930622009569378,-0.5358851674641149,0.33253588516746413
5261.306532663317,9.901913875598087,-0.48325358851674644,0.35645933014354064
5266.331658291458,9.973684210526315,-0.423444976076555,0.3660287081339713
5271.3567839195985,9.954545454545455,-0.34210526315789475,0.4904306220095694
5276.381909547738,9.796650717703349,-0.2703349282296651,0.6363636363636364
5281.407035175879,9.650717703349283,-0.21770334928229665,0.7368421052631579
5286.43216080402,9.660287081339712,-0.21291866028708134,0.7272727272727273
5291.457286432161,9.76555023923445,-0.15789473684210525,0.7655502392344498
5296.482412060302,9.911483253588516,-0.0861244019138756,0.7009569377990431
5301.507537688442,9.9066985645933,0.06698564593301436,0.6124401913875598
5306.532663316583,9.818181818181818,0.16507177033492823,0.6291866028708134
5311.557788944724,9.799043062200957,0.2942583732057416,0.5239234449760766
5316.582914572864,9.736842105263158,0.5167464114832536,0.34688995215311
5321.608040201005,9.655502392344498,0.7248803827751196,0.22488038277511962
5326.633165829146,9.61244019138756,0.7918660287081339,0.24162679425837322
5331.658291457286,9.559808612440191,0.854066985645933,0.3181818181818182
5336.683417085427,9.64354066985646,0.8373205741626795,0.2607655502392344
5341.708542713568,9.775119617224881,0.7368421052631579,0.2631578947368421
5346.733668341709,9.739234449760765,0.6028708133971292,0.3492822966507177
5351.75879396985,9.655502392344498,0.4354066985645933,0.34688995215311
5356.7839195979905,9.657894736842104,0.21291866028708134,0.30861244019138756
5361.80904522613,9.736842105263158,-0.011961722488038277,0.26555023923444976
5366.834170854271,9.796650717703349,-0.08373205741626795,0.20334928229665072
5371.859296482412,9.830143540669857,-0.12200956937799043,-0.023923444976076555
5376.884422110553,9.825358851674642,-0.145933014354067,-0.25598086124401914
5381.909547738694,9.820574162679426,-0.08851674641148326,-0.33253588516746413
5386.934673366834,9.921052631578947,0.02631578947368421,-0.16267942583732056
5391.959798994975,9.97846889952153,0.16028708133971292,0.07655502392344497
5396.984924623115,10.019138755980862,0.4258373205741627,0.14114832535885166
5402.010050251256,10.088516746411484,0.6985645933014354,0.06220095693779904
5407.035175879397,10.0933014354067,0.7368421052631579,0.004784688995215311
5412.060301507538,10.009569377990431,0.6961722488038278,0.10287081339712918
5417.085427135678,9.870813397129186,0.5861244019138756,0.19617224880382775
5422.110552763819,9.825358851674642,0.3708133971291866,0.23684210526315788
5427.13567839196,9.796650717703349,0.12200956937799043,0.3062200956937799
5432.160804020101,9.854066985645932,-0.09090909090909091,0.38995215311004783
5437.185929648242,9.794258373205741,-0.2535885167464115,0.5406698564593302
5442.211055276382,9.739234449760765,-0.3660287081339713,0.6650717703349283
5447.236180904522,9.710526315789474,-0.41148325358851673,0.7344497607655502
5452.261306532663,9.657894736842104,-0.37320574162679426,0.7703349282296651
5457.286432160804,9.638755980861244,-0.215311004784689,0.5598086124401914
5462.311557788945,9.58133971291866,-0.08133971291866028,0.3875598086124402
5467.336683417086,9.461722488038278,-0.045454545454545456,0.4019138755980861
5472.361809045226,9.492822966507177,-0.028708133971291867,0.49282296650717705
5477.386934673367,9.480861244019138,0.009569377990430622,0.5933014354066986
5482.412060301507,9.45933014354067,-0.1076555023923445,0.6746411483253588
5487.437185929648,9.444976076555024,-0.215311004784689,0.6961722488038278
5492.462311557789,9.485645933014354,-0.3492822966507177,0.8827751196172249
5497.48743718593,9.54066985645933,-0.3708133971291866,1.007177033492823
5502.51256281407,9.564593301435407,-0.4019138755980861,1.174641148325359
5507.537688442211,9.645933014354068,-0.3923444976076555,1.1650717703349283
5512.562814070352,9.696172248803828,-0.4688995215311005,1.167464114832536
5517.587939698493,9.705741626794259,-0.507177033492823,1.055023923444976
5522.613065326634,9.674641148325358,-0.562200956937799,0.9234449760765551
5527.638190954774,9.648325358851675,-0.49760765550239233,0.7296650717703349
5532.663316582914,9.665071770334928,-0.4019138755980861,0.46172248803827753
5537.688442211055,9.78468899521531,-0.33253588516746413,0.19856459330143542
5542.713567839196,9.9688995215311,-0.2966507177033493,-0.05263157894736842
5547.738693467337,9.952153110047847,-0.32057416267942584,-0.2822966507177033
5552.763819095478,9.97846889952153,-0.43301435406698563,-0.37320574162679426
5557.788944723618,10.090909090909092,-0.6148325358851675,-0.43779904306220097
5562.814070351758,10.23444976076555,-0.8444976076555024,-0.39712918660287083
5567.839195979899,10.303827751196172,-1.0215311004784688,-0.41626794258373206
5572.86432160804,10.313397129186603,-1.2177033492822966,-0.35167464114832536
5577.889447236181,10.349282296650717,-1.2727272727272727,-0.1674641148325359
5582.914572864322,10.416267942583731,-1.3229665071770336,-0.11722488038277512
5587.939698492462,10.495215311004785,-1.3516746411483254,-0.11244019138755981
5592.964824120603,10.430622009569378,-1.4497607655502391,0.0645933014354067
5597.989949748744,10.28468899521531,-1.4952153110047848,0.21291866028708134
5603.015075376885,10.203349282296651,-1.3444976076555024,0.09330143540669857
5608.040201005026,10.066985645933014,-1,-0.24880382775119617
5613.065326633166,9.889952153110048,-0.8516746411483254,-0.36363636363636365
5618.090452261306,9.691387559808613,-0.6674641148325359,-0.29904306220095694
5623.115577889447,9.624401913875598,-0.48564593301435405,-0.23205741626794257
5628.140703517588,9.770334928229666,-0.4569377990430622,-0.15550239234449761
5633.165829145729,9.935406698564593,-0.43779904306220097,0.028708133971291867
5638.19095477387,10.045454545454545,-0.3253588516746411,0.1076555023923445
5643.21608040201,10.069377990430622,-0.2583732057416268,0.1291866028708134
5648.24120603015,10.078947368421053,-0.15550239234449761,0.291866028708134
5653.266331658291,10.002392344497608,-0.07177033492822966,0.5239234449760766
5658.291457286432,9.973684210526315,0.10287081339712918,0.5311004784688995
5663.316582914573,9.911483253588516,0.2799043062200957,0.5239234449760766
5668.341708542714,9.748803827751196,0.39712918660287083,0.5885167464114832
5673.366834170854,9.57177033492823,0.44258373205741625,0.6985645933014354
5678.391959798995,9.39952153110048,0.4665071770334928,0.777511961722488
5683.417085427136,9.291866028708133,0.4880382775119617,0.8492822966507177
5688.442211055277,9.210526315789474,0.5191387559808612,0.9904306220095693
5693.467336683417,9.181818181818182,0.6411483253588517,1.167464114832536
5698.492462311558,9.322966507177034,0.7105263157894737,1.313397129186603
5703.517587939698,9.382775119617225,0.7511961722488039,1.2822966507177034
5708.542713567839,9.433014354066986,0.69377990430622,1.236842105263158
5713.56783919598,9.375598086124402,0.6124401913875598,1.215311004784689
5718.592964824121,9.368421052631579,0.5813397129186603,1.4019138755980862
5723.618090452262,9.39952153110048,0.5334928229665071,1.4832535885167464
5728.643216080402,9.447368421052632,0.38516746411483255,1.4784688995215312
5733.668341708542,9.39952153110048,0.2751196172248804,1.5789473684210527
5738.693467336683,9.411483253588516,0.2727272727272727,1.6267942583732058
5743.718592964824,9.502392344497608,0.20334928229665072,1.7583732057416268
5748.743718592965,9.657894736842104,0.15789473684210525,1.7129186602870814
5753.768844221106,9.822966507177034,0.10526315789473684,1.5933014354066986
5758.793969849246,9.913875598086124,0.11004784688995216,1.6291866028708133
5763.819095477387,9.901913875598087,0.22248803827751196,1.708133971291866
5768.844221105528,9.942583732057416,0.3492822966507177,1.700956937799043
5773.869346733669,9.990430622009569,0.4449760765550239,1.7535885167464116
5778.894472361809,10.023923444976077,0.4569377990430622,1.799043062200957
5783.91959798995,9.9688995215311,0.5023923444976076,1.8421052631578947
5788.94472361809,9.727272727272727,0.5741626794258373,1.9019138755980862
5793.969849246231,9.559808612440191,0.6220095693779905,1.9904306220095693
5798.994974874372,9.435406698564593,0.65311004784689,2.0430622009569377
5804.020100502513,9.409090909090908,0.6602870813397129,1.9784688995215312
5809.045226130654,9.423444976076555,0.7081339712918661,1.8516746411483254
5814.070351758794,9.557416267942584,0.8133971291866029,1.7177033492822966
5819.095477386934,9.71531100478469,0.937799043062201,1.6889952153110048
5824.120603015075,9.80622009569378,1.0095693779904307,1.6339712918660287
5829.145728643216,9.858851674641148,0.9904306220095693,1.5239234449760766
5834.170854271357,9.880382775119617,0.9282296650717703,1.5191387559808613
5839.195979899498,9.820574162679426,0.9019138755980861,1.5669856459330143
5844.221105527638,9.842105263157896,0.9449760765550239,1.5980861244019138
5849.246231155779,9.95933014354067,0.9569377990430622,1.569377990430622
5854.27135678392,10.043062200956937,0.9210526315789473,1.5430622009569377
5859.296482412061,10.057416267942584,0.8827751196172249,1.5574162679425838
5864.321608040201,9.95933014354067,0.7942583732057417,1.5526315789473684
5869.346733668342,9.87799043062201,0.7296650717703349,1.437799043062201
5874.371859296482,9.782296650717702,0.7320574162679426,1.299043062200957
5879.396984924623,9.748803827751196,0.638755980861244,1.2057416267942584
5884.422110552764,9.787081339712918,0.5047846889952153,1.0837320574162679
5889.447236180905,9.818181818181818,0.3827751196172249,0.9832535885167464
5894.472361809046,9.80622009569378,0.2942583732057416,0.854066985645933
5899.497487437186,9.82775119617225,0.20095693779904306,0.7177033492822966
5904.522613065326,9.799043062200957,0.06698564593301436,0.5980861244019139
5909.547738693467,9.813397129186603,-0.08373205741626795,0.48086124401913877
5914.572864321608,9.82775119617225,-0.22488038277511962,0.3277511961722488
5919.597989949749,9.796650717703349,-0.34688995215311,0.23684210526315788
5924.62311557789,9.799043062200957,-0.430622009569378,0.10047846889952153
5929.64824120603,9.794258373205741,-0.5239234449760766,0.05980861244019139
5934.673366834171,9.751196172248804,-0.6244019138755981,0.07894736842105263
5939.698492462312,9.753588516746412,-0.6555023923444976,0.12679425837320574
5944.723618090452,9.870813397129186,-0.6650717703349283,0.11722488038277512
5949.748743718593,10.078947368421053,-0.6100478468899522,0.05980861244019139
5954.773869346734,10.311004784688995,-0.45454545454545453,-0.023923444976076555
5959.798994974874,10.423444976076555,-0.2583732057416268,-0.15550239234449761
5964.824120603015,10.41866028708134,-0.10047846889952153,-0.41626794258373206
5969.849246231156,10.31578947368421,-0.10047846889952153,-0.5263157894736842
5974.874371859297,10.19377990430622,-0.12440191387559808,-0.5813397129186603
5979.899497487438,10.05023923444976,-0.07894736842105263,-0.6674641148325359
5984.924623115578,9.933014354066986,-0.14354066985645933,-0.6794258373205742
5989.949748743718,9.858851674641148,-0.21291866028708134,-0.7105263157894737
5994.974874371859,9.944976076555024,-0.19856459330143542,-0.7631578947368421
